timeStamp,elapsed,label,responseCode,responseMessage,threadName,dataType,success,failureMessage,bytes,sentBytes,grpThreads,allThreads,URL,Latency,IdleTime,Connect
1709276624899,1143,POST Login,200,OK,Thread Group 1-1,text,true,,1308,283,3,3,https://thinking-tester-contact-list.herokuapp.com/users/login,1143,0,877
1709276626044,258,POST Log Out,200,OK,Thread Group 1-1,text,true,,1308,329,3,3,https://thinking-tester-contact-list.herokuapp.com/users/logout,258,0,0
1709276625404,1080,POST Login,200,OK,Thread Group 1-2,text,true,,1308,283,3,3,https://thinking-tester-contact-list.herokuapp.com/users/login,1080,0,812
1709276626484,271,POST Log Out,200,OK,Thread Group 1-2,text,true,,1308,329,3,3,https://thinking-tester-contact-list.herokuapp.com/users/logout,271,0,0
1709276625898,1048,POST Login,200,OK,Thread Group 1-3,text,true,,1308,283,3,3,https://thinking-tester-contact-list.herokuapp.com/users/login,1048,0,785
1709276626947,259,POST Log Out,200,OK,Thread Group 1-3,text,true,,1308,329,3,3,https://thinking-tester-contact-list.herokuapp.com/users/logout,258,0,0
1709276626398,1065,POST Login,200,OK,Thread Group 1-4,text,true,,1308,283,3,3,https://thinking-tester-contact-list.herokuapp.com/users/login,1065,0,803
1709276627464,258,POST Log Out,200,OK,Thread Group 1-4,text,true,,1308,329,3,3,https://thinking-tester-contact-list.herokuapp.com/users/logout,258,0,0
1709276626900,1068,POST Login,200,OK,Thread Group 1-5,text,true,,1312,283,3,3,https://thinking-tester-contact-list.herokuapp.com/users/login,1067,0,800
1709276627969,259,POST Log Out,200,OK,Thread Group 1-5,text,true,,1312,329,3,3,https://thinking-tester-contact-list.herokuapp.com/users/logout,259,0,0
1709276627398,1063,POST Login,200,OK,Thread Group 1-6,text,true,,1312,283,3,3,https://thinking-tester-contact-list.herokuapp.com/users/login,1063,0,802
1709276628463,265,POST Log Out,200,OK,Thread Group 1-6,text,true,,1312,329,3,3,https://thinking-tester-contact-list.herokuapp.com/users/logout,265,0,0
1709276627897,1070,POST Login,200,OK,Thread Group 1-7,text,true,,1308,283,3,3,https://thinking-tester-contact-list.herokuapp.com/users/login,1070,0,803
1709276628968,265,POST Log Out,200,OK,Thread Group 1-7,text,true,,1308,329,3,3,https://thinking-tester-contact-list.herokuapp.com/users/logout,265,0,0
1709276628398,1078,POST Login,200,OK,Thread Group 1-8,text,true,,1308,283,3,3,https://thinking-tester-contact-list.herokuapp.com/users/login,1078,0,807
1709276629478,267,POST Log Out,200,OK,Thread Group 1-8,text,true,,1308,329,3,3,https://thinking-tester-contact-list.herokuapp.com/users/logout,267,0,0
1709276628898,1032,POST Login,200,OK,Thread Group 1-9,text,true,,1304,283,3,3,https://thinking-tester-contact-list.herokuapp.com/users/login,1032,0,776
1709276629931,258,POST Log Out,200,OK,Thread Group 1-9,text,true,,1304,329,3,3,https://thinking-tester-contact-list.herokuapp.com/users/logout,258,0,0
1709276629398,1071,POST Login,200,OK,Thread Group 1-10,text,true,,1304,283,3,3,https://thinking-tester-contact-list.herokuapp.com/users/login,1071,0,801
1709276630471,264,POST Log Out,200,OK,Thread Group 1-10,text,true,,1304,329,3,3,https://thinking-tester-contact-list.herokuapp.com/users/logout,264,0,0
1709276629899,1078,POST Login,200,OK,Thread Group 1-11,text,true,,1308,283,3,3,https://thinking-tester-contact-list.herokuapp.com/users/login,1078,0,806
1709276630978,268,POST Log Out,200,OK,Thread Group 1-11,text,true,,1308,329,3,3,https://thinking-tester-contact-list.herokuapp.com/users/logout,268,0,0
1709276630900,1063,POST Login,200,OK,Thread Group 1-13,text,true,,1308,283,4,4,https://thinking-tester-contact-list.herokuapp.com/users/login,1063,0,800
1709276630401,1818,POST Login,200,OK,Thread Group 1-12,text,true,,1308,283,4,4,https://thinking-tester-contact-list.herokuapp.com/users/login,1818,0,804
1709276631964,260,POST Log Out,200,OK,Thread Group 1-13,text,true,,1308,329,4,4,https://thinking-tester-contact-list.herokuapp.com/users/logout,260,0,0
1709276631398,1075,POST Login,200,OK,Thread Group 1-14,text,true,,1308,283,4,4,https://thinking-tester-contact-list.herokuapp.com/users/login,1075,0,805
1709276632221,262,POST Log Out,200,OK,Thread Group 1-12,text,true,,1308,329,4,4,https://thinking-tester-contact-list.herokuapp.com/users/logout,262,0,0
1709276632474,260,POST Log Out,200,OK,Thread Group 1-14,text,true,,1308,329,3,3,https://thinking-tester-contact-list.herokuapp.com/users/logout,260,0,0
1709276631901,1057,POST Login,200,OK,Thread Group 1-15,text,true,,1324,283,3,3,https://thinking-tester-contact-list.herokuapp.com/users/login,1057,0,797
1709276632959,260,POST Log Out,200,OK,Thread Group 1-15,text,true,,1324,329,3,3,https://thinking-tester-contact-list.herokuapp.com/users/logout,260,0,0
1709276632400,1090,POST Login,200,OK,Thread Group 1-16,text,true,,1324,283,3,3,https://thinking-tester-contact-list.herokuapp.com/users/login,1090,0,813
1709276633491,303,POST Log Out,200,OK,Thread Group 1-16,text,true,,1324,329,3,3,https://thinking-tester-contact-list.herokuapp.com/users/logout,303,0,0
1709276632899,1211,POST Login,200,OK,Thread Group 1-17,text,true,,1304,283,3,3,https://thinking-tester-contact-list.herokuapp.com/users/login,1211,0,895
1709276634111,276,POST Log Out,200,OK,Thread Group 1-17,text,true,,1304,329,3,3,https://thinking-tester-contact-list.herokuapp.com/users/logout,276,0,0
1709276633399,1158,POST Login,200,OK,Thread Group 1-18,text,true,,1304,283,3,3,https://thinking-tester-contact-list.herokuapp.com/users/login,1157,0,892
1709276634559,262,POST Log Out,200,OK,Thread Group 1-18,text,true,,1304,329,3,3,https://thinking-tester-contact-list.herokuapp.com/users/logout,261,0,0
1709276633899,1100,POST Login,200,OK,Thread Group 1-19,text,true,,1312,283,3,3,https://thinking-tester-contact-list.herokuapp.com/users/login,1100,0,841
1709276634998,254,POST Log Out,200,OK,Thread Group 1-19,text,true,,1312,329,3,3,https://thinking-tester-contact-list.herokuapp.com/users/logout,253,0,0
1709276634400,1079,POST Login,200,OK,Thread Group 1-20,text,true,,1312,283,3,3,https://thinking-tester-contact-list.herokuapp.com/users/login,1079,0,817
1709276635479,260,POST Log Out,200,OK,Thread Group 1-20,text,true,,1312,329,3,3,https://thinking-tester-contact-list.herokuapp.com/users/logout,260,0,0
1709276634898,1037,POST Login,200,OK,Thread Group 1-21,text,true,,1304,283,3,3,https://thinking-tester-contact-list.herokuapp.com/users/login,1037,0,780
1709276635935,263,POST Log Out,200,OK,Thread Group 1-21,text,true,,1304,329,3,3,https://thinking-tester-contact-list.herokuapp.com/users/logout,263,0,0
1709276635396,1076,POST Login,200,OK,Thread Group 1-22,text,true,,1304,283,3,3,https://thinking-tester-contact-list.herokuapp.com/users/login,1075,0,808
1709276636473,265,POST Log Out,200,OK,Thread Group 1-22,text,true,,1304,329,3,3,https://thinking-tester-contact-list.herokuapp.com/users/logout,265,0,0
1709276635896,1058,POST Login,200,OK,Thread Group 1-23,text,true,,1308,283,3,3,https://thinking-tester-contact-list.herokuapp.com/users/login,1058,0,790
1709276636955,259,POST Log Out,200,OK,Thread Group 1-23,text,true,,1308,329,3,3,https://thinking-tester-contact-list.herokuapp.com/users/logout,259,0,0
1709276636399,1042,POST Login,200,OK,Thread Group 1-24,text,true,,1308,283,3,3,https://thinking-tester-contact-list.herokuapp.com/users/login,1042,0,784
1709276637442,254,POST Log Out,200,OK,Thread Group 1-24,text,true,,1308,329,3,3,https://thinking-tester-contact-list.herokuapp.com/users/logout,254,0,0
1709276636898,1051,POST Login,200,OK,Thread Group 1-25,text,true,,1308,283,3,3,https://thinking-tester-contact-list.herokuapp.com/users/login,1051,0,792
1709276637951,259,POST Log Out,200,OK,Thread Group 1-25,text,true,,1308,329,3,3,https://thinking-tester-contact-list.herokuapp.com/users/logout,259,0,0
1709276637398,1088,POST Login,200,OK,Thread Group 1-26,text,true,,1308,283,3,3,https://thinking-tester-contact-list.herokuapp.com/users/login,1088,0,814
1709276638487,264,POST Log Out,200,OK,Thread Group 1-26,text,true,,1308,329,3,3,https://thinking-tester-contact-list.herokuapp.com/users/logout,264,0,0
1709276637896,1062,POST Login,200,OK,Thread Group 1-27,text,true,,1312,283,3,3,https://thinking-tester-contact-list.herokuapp.com/users/login,1062,0,800
1709276638959,262,POST Log Out,200,OK,Thread Group 1-27,text,true,,1312,329,3,3,https://thinking-tester-contact-list.herokuapp.com/users/logout,262,0,0
1709276638898,1053,POST Login,200,OK,Thread Group 1-29,text,true,,1316,283,4,4,https://thinking-tester-contact-list.herokuapp.com/users/login,1053,0,793
1709276639951,257,POST Log Out,200,OK,Thread Group 1-29,text,true,,1316,329,4,4,https://thinking-tester-contact-list.herokuapp.com/users/logout,257,0,0
1709276639397,1047,POST Login,200,OK,Thread Group 1-30,text,true,,1316,283,4,4,https://thinking-tester-contact-list.herokuapp.com/users/login,1047,0,785
1709276640445,259,POST Log Out,200,OK,Thread Group 1-30,text,true,,1316,329,4,4,https://thinking-tester-contact-list.herokuapp.com/users/logout,259,0,0
1709276639898,1125,POST Login,200,OK,Thread Group 1-31,text,true,,1308,283,4,4,https://thinking-tester-contact-list.herokuapp.com/users/login,1124,0,794
1709276638398,2695,POST Login,200,OK,Thread Group 1-28,text,true,,1308,283,4,4,https://thinking-tester-contact-list.herokuapp.com/users/login,2695,0,2420
1709276641024,261,POST Log Out,200,OK,Thread Group 1-31,text,true,,1308,329,4,4,https://thinking-tester-contact-list.herokuapp.com/users/logout,261,0,0
1709276641094,270,POST Log Out,200,OK,Thread Group 1-28,text,true,,1308,329,3,3,https://thinking-tester-contact-list.herokuapp.com/users/logout,269,0,0
1709276640397,1159,POST Login,200,OK,Thread Group 1-32,text,true,,1308,283,3,3,https://thinking-tester-contact-list.herokuapp.com/users/login,1159,0,893
1709276641556,261,POST Log Out,200,OK,Thread Group 1-32,text,true,,1308,329,3,3,https://thinking-tester-contact-list.herokuapp.com/users/logout,261,0,0
1709276640896,1061,POST Login,200,OK,Thread Group 1-33,text,true,,1312,283,3,3,https://thinking-tester-contact-list.herokuapp.com/users/login,1061,0,795
1709276641957,263,POST Log Out,200,OK,Thread Group 1-33,text,true,,1312,329,3,3,https://thinking-tester-contact-list.herokuapp.com/users/logout,263,0,0
1709276641395,1046,POST Login,200,OK,Thread Group 1-34,text,true,,1312,283,3,3,https://thinking-tester-contact-list.herokuapp.com/users/login,1046,0,787
1709276642442,263,POST Log Out,200,OK,Thread Group 1-34,text,true,,1312,329,3,3,https://thinking-tester-contact-list.herokuapp.com/users/logout,263,0,0
1709276641897,1075,POST Login,200,OK,Thread Group 1-35,text,true,,1308,283,3,3,https://thinking-tester-contact-list.herokuapp.com/users/login,1075,0,803
1709276642973,264,POST Log Out,200,OK,Thread Group 1-35,text,true,,1308,329,3,3,https://thinking-tester-contact-list.herokuapp.com/users/logout,264,0,0
1709276642397,1039,POST Login,200,OK,Thread Group 1-36,text,true,,1308,283,3,3,https://thinking-tester-contact-list.herokuapp.com/users/login,1039,0,783
1709276643437,261,POST Log Out,200,OK,Thread Group 1-36,text,true,,1308,329,3,3,https://thinking-tester-contact-list.herokuapp.com/users/logout,261,0,0
1709276642896,1066,POST Login,200,OK,Thread Group 1-37,text,true,,1320,283,3,3,https://thinking-tester-contact-list.herokuapp.com/users/login,1066,0,794
1709276643963,269,POST Log Out,200,OK,Thread Group 1-37,text,true,,1320,329,3,3,https://thinking-tester-contact-list.herokuapp.com/users/logout,269,0,0
1709276643397,1081,POST Login,200,OK,Thread Group 1-38,text,true,,1320,283,3,3,https://thinking-tester-contact-list.herokuapp.com/users/login,1081,0,809
1709276644479,260,POST Log Out,200,OK,Thread Group 1-38,text,true,,1320,329,3,3,https://thinking-tester-contact-list.herokuapp.com/users/logout,260,0,0
1709276643897,1129,POST Login,200,OK,Thread Group 1-39,text,true,,1304,283,3,3,https://thinking-tester-contact-list.herokuapp.com/users/login,1129,0,854
1709276645027,265,POST Log Out,200,OK,Thread Group 1-39,text,true,,1304,329,3,3,https://thinking-tester-contact-list.herokuapp.com/users/logout,265,0,0
1709276644401,1098,POST Login,200,OK,Thread Group 1-40,text,true,,1304,283,3,3,https://thinking-tester-contact-list.herokuapp.com/users/login,1098,0,834
1709276645500,265,POST Log Out,200,OK,Thread Group 1-40,text,true,,1304,329,3,3,https://thinking-tester-contact-list.herokuapp.com/users/logout,265,0,0
1709276644901,1053,POST Login,200,OK,Thread Group 1-41,text,true,,1316,283,3,3,https://thinking-tester-contact-list.herokuapp.com/users/login,1053,0,795
1709276645955,262,POST Log Out,200,OK,Thread Group 1-41,text,true,,1316,329,3,3,https://thinking-tester-contact-list.herokuapp.com/users/logout,262,0,0
1709276645400,1051,POST Login,200,OK,Thread Group 1-42,text,true,,1316,283,3,3,https://thinking-tester-contact-list.herokuapp.com/users/login,1051,0,789
1709276646452,258,POST Log Out,200,OK,Thread Group 1-42,text,true,,1316,329,3,3,https://thinking-tester-contact-list.herokuapp.com/users/logout,258,0,0
1709276645898,1034,POST Login,200,OK,Thread Group 1-43,text,true,,1324,283,3,3,https://thinking-tester-contact-list.herokuapp.com/users/login,1034,0,776
1709276646933,257,POST Log Out,200,OK,Thread Group 1-43,text,true,,1324,329,3,3,https://thinking-tester-contact-list.herokuapp.com/users/logout,257,0,0
1709276646397,1059,POST Login,200,OK,Thread Group 1-44,text,true,,1324,283,3,3,https://thinking-tester-contact-list.herokuapp.com/users/login,1059,0,797
1709276647456,263,POST Log Out,200,OK,Thread Group 1-44,text,true,,1324,329,3,3,https://thinking-tester-contact-list.herokuapp.com/users/logout,263,0,0
1709276646897,1073,POST Login,200,OK,Thread Group 1-45,text,true,,1316,283,3,3,https://thinking-tester-contact-list.herokuapp.com/users/login,1073,0,812
1709276647971,259,POST Log Out,200,OK,Thread Group 1-45,text,true,,1316,329,3,3,https://thinking-tester-contact-list.herokuapp.com/users/logout,259,0,0
1709276647398,1083,POST Login,200,OK,Thread Group 1-46,text,true,,1316,283,3,3,https://thinking-tester-contact-list.herokuapp.com/users/login,1083,0,822
1709276648482,262,POST Log Out,200,OK,Thread Group 1-46,text,true,,1316,329,3,3,https://thinking-tester-contact-list.herokuapp.com/users/logout,262,0,0
1709276647899,1057,POST Login,200,OK,Thread Group 1-47,text,true,,1312,283,3,3,https://thinking-tester-contact-list.herokuapp.com/users/login,1057,0,793
1709276648957,261,POST Log Out,200,OK,Thread Group 1-47,text,true,,1312,329,3,3,https://thinking-tester-contact-list.herokuapp.com/users/logout,260,0,0
1709276648399,1064,POST Login,200,OK,Thread Group 1-48,text,true,,1312,283,3,3,https://thinking-tester-contact-list.herokuapp.com/users/login,1064,0,795
1709276649463,257,POST Log Out,200,OK,Thread Group 1-48,text,true,,1312,329,3,3,https://thinking-tester-contact-list.herokuapp.com/users/logout,257,0,0
1709276648902,1045,POST Login,200,OK,Thread Group 1-49,text,true,,1316,283,3,3,https://thinking-tester-contact-list.herokuapp.com/users/login,1045,0,787
1709276649948,257,POST Log Out,200,OK,Thread Group 1-49,text,true,,1316,329,3,3,https://thinking-tester-contact-list.herokuapp.com/users/logout,257,0,0
1709276649398,1064,POST Login,200,OK,Thread Group 1-50,text,true,,1316,283,3,3,https://thinking-tester-contact-list.herokuapp.com/users/login,1064,0,801
1709276650463,268,POST Log Out,200,OK,Thread Group 1-50,text,true,,1316,329,3,3,https://thinking-tester-contact-list.herokuapp.com/users/logout,268,0,0
1709276649898,1058,POST Login,200,OK,Thread Group 1-51,text,true,,1312,283,3,3,https://thinking-tester-contact-list.herokuapp.com/users/login,1058,0,797
1709276650957,261,POST Log Out,200,OK,Thread Group 1-51,text,true,,1312,329,3,3,https://thinking-tester-contact-list.herokuapp.com/users/logout,261,0,0
1709276650398,1063,POST Login,200,OK,Thread Group 1-52,text,true,,1312,283,3,3,https://thinking-tester-contact-list.herokuapp.com/users/login,1063,0,796
1709276651462,257,POST Log Out,200,OK,Thread Group 1-52,text,true,,1312,329,3,3,https://thinking-tester-contact-list.herokuapp.com/users/logout,257,0,0
1709276650898,1040,POST Login,200,OK,Thread Group 1-53,text,true,,1312,283,3,3,https://thinking-tester-contact-list.herokuapp.com/users/login,1040,0,781
1709276651938,281,POST Log Out,200,OK,Thread Group 1-53,text,true,,1312,329,3,3,https://thinking-tester-contact-list.herokuapp.com/users/logout,280,0,0
1709276651397,1074,POST Login,200,OK,Thread Group 1-54,text,true,,1312,283,3,3,https://thinking-tester-contact-list.herokuapp.com/users/login,1074,0,818
1709276652471,256,POST Log Out,200,OK,Thread Group 1-54,text,true,,1312,329,3,3,https://thinking-tester-contact-list.herokuapp.com/users/logout,256,0,0
1709276651897,1058,POST Login,200,OK,Thread Group 1-55,text,true,,1308,283,3,3,https://thinking-tester-contact-list.herokuapp.com/users/login,1058,0,795
1709276652956,257,POST Log Out,200,OK,Thread Group 1-55,text,true,,1308,329,3,3,https://thinking-tester-contact-list.herokuapp.com/users/logout,257,0,0
1709276652399,1052,POST Login,200,OK,Thread Group 1-56,text,true,,1308,283,3,3,https://thinking-tester-contact-list.herokuapp.com/users/login,1051,0,788
1709276653451,259,POST Log Out,200,OK,Thread Group 1-56,text,true,,1308,329,3,3,https://thinking-tester-contact-list.herokuapp.com/users/logout,259,0,0
1709276652897,1059,POST Login,200,OK,Thread Group 1-57,text,true,,1308,283,3,3,https://thinking-tester-contact-list.herokuapp.com/users/login,1059,0,795
1709276653957,259,POST Log Out,200,OK,Thread Group 1-57,text,true,,1308,329,3,3,https://thinking-tester-contact-list.herokuapp.com/users/logout,259,0,0
1709276653399,1065,POST Login,200,OK,Thread Group 1-58,text,true,,1308,283,3,3,https://thinking-tester-contact-list.herokuapp.com/users/login,1065,0,807
1709276654465,264,POST Log Out,200,OK,Thread Group 1-58,text,true,,1308,329,3,3,https://thinking-tester-contact-list.herokuapp.com/users/logout,264,0,0
1709276653898,1088,POST Login,200,OK,Thread Group 1-59,text,true,,1304,283,3,3,https://thinking-tester-contact-list.herokuapp.com/users/login,1088,0,803
1709276654987,268,POST Log Out,200,OK,Thread Group 1-59,text,true,,1304,329,3,3,https://thinking-tester-contact-list.herokuapp.com/users/logout,268,0,0
1709276654897,1064,POST Login,200,OK,Thread Group 1-61,text,true,,1304,283,4,4,https://thinking-tester-contact-list.herokuapp.com/users/login,1064,0,800
1709276654397,1693,POST Login,200,OK,Thread Group 1-60,text,true,,1304,283,4,4,https://thinking-tester-contact-list.herokuapp.com/users/login,1693,0,1435
1709276655962,268,POST Log Out,200,OK,Thread Group 1-61,text,true,,1304,329,4,4,https://thinking-tester-contact-list.herokuapp.com/users/logout,268,0,0
1709276656090,263,POST Log Out,200,OK,Thread Group 1-60,text,true,,1304,329,3,3,https://thinking-tester-contact-list.herokuapp.com/users/logout,263,0,0
1709276655396,1106,POST Login,200,OK,Thread Group 1-62,text,true,,1304,283,3,3,https://thinking-tester-contact-list.herokuapp.com/users/login,1106,0,840
1709276656503,256,POST Log Out,200,OK,Thread Group 1-62,text,true,,1304,329,3,3,https://thinking-tester-contact-list.herokuapp.com/users/logout,256,0,0
1709276655901,1059,POST Login,200,OK,Thread Group 1-63,text,true,,1308,283,3,3,https://thinking-tester-contact-list.herokuapp.com/users/login,1059,0,794
1709276656961,267,POST Log Out,200,OK,Thread Group 1-63,text,true,,1308,329,3,3,https://thinking-tester-contact-list.herokuapp.com/users/logout,267,0,0
1709276656400,1067,POST Login,200,OK,Thread Group 1-64,text,true,,1308,283,3,3,https://thinking-tester-contact-list.herokuapp.com/users/login,1067,0,805
1709276657468,264,POST Log Out,200,OK,Thread Group 1-64,text,true,,1308,329,3,3,https://thinking-tester-contact-list.herokuapp.com/users/logout,264,0,0
1709276656902,1059,POST Login,200,OK,Thread Group 1-65,text,true,,1308,283,3,3,https://thinking-tester-contact-list.herokuapp.com/users/login,1059,0,797
1709276657962,262,POST Log Out,200,OK,Thread Group 1-65,text,true,,1308,329,3,3,https://thinking-tester-contact-list.herokuapp.com/users/logout,262,0,0
1709276657400,1057,POST Login,200,OK,Thread Group 1-66,text,true,,1308,283,3,3,https://thinking-tester-contact-list.herokuapp.com/users/login,1057,0,794
1709276658457,257,POST Log Out,200,OK,Thread Group 1-66,text,true,,1308,329,3,3,https://thinking-tester-contact-list.herokuapp.com/users/logout,257,0,0
1709276657900,1102,POST Login,200,OK,Thread Group 1-67,text,true,,1308,283,3,3,https://thinking-tester-contact-list.herokuapp.com/users/login,1102,0,833
1709276659003,270,POST Log Out,200,OK,Thread Group 1-67,text,true,,1308,329,3,3,https://thinking-tester-contact-list.herokuapp.com/users/logout,270,0,0
1709276658397,1043,POST Login,200,OK,Thread Group 1-68,text,true,,1308,283,3,3,https://thinking-tester-contact-list.herokuapp.com/users/login,1043,0,788
1709276659442,262,POST Log Out,200,OK,Thread Group 1-68,text,true,,1308,329,3,3,https://thinking-tester-contact-list.herokuapp.com/users/logout,262,0,0
1709276658900,1054,POST Login,200,OK,Thread Group 1-69,text,true,,1304,283,3,3,https://thinking-tester-contact-list.herokuapp.com/users/login,1054,0,797
1709276659954,263,POST Log Out,200,OK,Thread Group 1-69,text,true,,1304,329,3,3,https://thinking-tester-contact-list.herokuapp.com/users/logout,263,0,0
1709276659401,1050,POST Login,200,OK,Thread Group 1-70,text,true,,1304,283,3,3,https://thinking-tester-contact-list.herokuapp.com/users/login,1050,0,789
1709276660452,261,POST Log Out,200,OK,Thread Group 1-70,text,true,,1304,329,3,3,https://thinking-tester-contact-list.herokuapp.com/users/logout,261,0,0
1709276659900,1052,POST Login,200,OK,Thread Group 1-71,text,true,,1304,283,3,3,https://thinking-tester-contact-list.herokuapp.com/users/login,1052,0,791
1709276660954,265,POST Log Out,200,OK,Thread Group 1-71,text,true,,1304,329,3,3,https://thinking-tester-contact-list.herokuapp.com/users/logout,265,0,0
1709276660397,1150,POST Login,200,OK,Thread Group 1-72,text,true,,1304,283,3,3,https://thinking-tester-contact-list.herokuapp.com/users/login,1150,0,799
1709276661548,321,POST Log Out,200,OK,Thread Group 1-72,text,true,,1304,329,3,3,https://thinking-tester-contact-list.herokuapp.com/users/logout,321,0,0
1709276660898,1170,POST Login,200,OK,Thread Group 1-73,text,true,,1312,283,3,3,https://thinking-tester-contact-list.herokuapp.com/users/login,1169,0,896
1709276662068,262,POST Log Out,200,OK,Thread Group 1-73,text,true,,1312,329,3,3,https://thinking-tester-contact-list.herokuapp.com/users/logout,262,0,0
1709276661396,1114,POST Login,200,OK,Thread Group 1-74,text,true,,1312,283,3,3,https://thinking-tester-contact-list.herokuapp.com/users/login,1114,0,855
1709276662511,257,POST Log Out,200,OK,Thread Group 1-74,text,true,,1312,329,3,3,https://thinking-tester-contact-list.herokuapp.com/users/logout,257,0,0
1709276661897,1078,POST Login,200,OK,Thread Group 1-75,text,true,,1308,283,3,3,https://thinking-tester-contact-list.herokuapp.com/users/login,1078,0,818
1709276662976,262,POST Log Out,200,OK,Thread Group 1-75,text,true,,1308,329,3,3,https://thinking-tester-contact-list.herokuapp.com/users/logout,262,0,0
1709276662397,1052,POST Login,200,OK,Thread Group 1-76,text,true,,1308,283,3,3,https://thinking-tester-contact-list.herokuapp.com/users/login,1052,0,792
1709276663450,261,POST Log Out,200,OK,Thread Group 1-76,text,true,,1308,329,3,3,https://thinking-tester-contact-list.herokuapp.com/users/logout,260,0,0
1709276662897,1043,POST Login,200,OK,Thread Group 1-77,text,true,,1316,283,3,3,https://thinking-tester-contact-list.herokuapp.com/users/login,1043,0,781
1709276663941,258,POST Log Out,200,OK,Thread Group 1-77,text,true,,1316,329,3,3,https://thinking-tester-contact-list.herokuapp.com/users/logout,258,0,0
1709276663399,1060,POST Login,200,OK,Thread Group 1-78,text,true,,1316,283,3,3,https://thinking-tester-contact-list.herokuapp.com/users/login,1060,0,800
1709276664461,262,POST Log Out,200,OK,Thread Group 1-78,text,true,,1316,329,3,3,https://thinking-tester-contact-list.herokuapp.com/users/logout,261,0,0
1709276663898,1046,POST Login,200,OK,Thread Group 1-79,text,true,,1312,283,3,3,https://thinking-tester-contact-list.herokuapp.com/users/login,1046,0,786
1709276664946,260,POST Log Out,200,OK,Thread Group 1-79,text,true,,1312,329,3,3,https://thinking-tester-contact-list.herokuapp.com/users/logout,260,0,0
1709276664399,1063,POST Login,200,OK,Thread Group 1-80,text,true,,1312,283,3,3,https://thinking-tester-contact-list.herokuapp.com/users/login,1062,0,800
1709276665463,262,POST Log Out,200,OK,Thread Group 1-80,text,true,,1312,329,3,3,https://thinking-tester-contact-list.herokuapp.com/users/logout,262,0,0
1709276664899,1049,POST Login,200,OK,Thread Group 1-81,text,true,,1304,283,3,3,https://thinking-tester-contact-list.herokuapp.com/users/login,1049,0,792
1709276665948,255,POST Log Out,200,OK,Thread Group 1-81,text,true,,1304,329,3,3,https://thinking-tester-contact-list.herokuapp.com/users/logout,255,0,0
1709276665397,1048,POST Login,200,OK,Thread Group 1-82,text,true,,1304,283,3,3,https://thinking-tester-contact-list.herokuapp.com/users/login,1048,0,792
1709276666446,257,POST Log Out,200,OK,Thread Group 1-82,text,true,,1304,329,3,3,https://thinking-tester-contact-list.herokuapp.com/users/logout,257,0,0
1709276665897,1091,POST Login,200,OK,Thread Group 1-83,text,true,,1304,283,3,3,https://thinking-tester-contact-list.herokuapp.com/users/login,1091,0,796
1709276666988,278,POST Log Out,200,OK,Thread Group 1-83,text,true,,1304,329,3,3,https://thinking-tester-contact-list.herokuapp.com/users/logout,277,0,0
1709276666400,1141,POST Login,200,OK,Thread Group 1-84,text,true,,1304,283,3,3,https://thinking-tester-contact-list.herokuapp.com/users/login,1141,0,862
1709276667542,266,POST Log Out,200,OK,Thread Group 1-84,text,true,,1304,329,3,3,https://thinking-tester-contact-list.herokuapp.com/users/logout,266,0,0
1709276666899,1157,POST Login,200,OK,Thread Group 1-85,text,true,,1316,283,3,3,https://thinking-tester-contact-list.herokuapp.com/users/login,1157,0,897
1709276668057,262,POST Log Out,200,OK,Thread Group 1-85,text,true,,1316,329,3,3,https://thinking-tester-contact-list.herokuapp.com/users/logout,261,0,0
1709276667400,1054,POST Login,200,OK,Thread Group 1-86,text,true,,1316,283,3,3,https://thinking-tester-contact-list.herokuapp.com/users/login,1054,0,787
1709276668455,258,POST Log Out,200,OK,Thread Group 1-86,text,true,,1316,329,3,3,https://thinking-tester-contact-list.herokuapp.com/users/logout,258,0,0
1709276667898,1063,POST Login,200,OK,Thread Group 1-87,text,true,,1308,283,3,3,https://thinking-tester-contact-list.herokuapp.com/users/login,1063,0,803
1709276668962,259,POST Log Out,200,OK,Thread Group 1-87,text,true,,1308,329,3,3,https://thinking-tester-contact-list.herokuapp.com/users/logout,259,0,0
1709276668398,1065,POST Login,200,OK,Thread Group 1-88,text,true,,1308,283,3,3,https://thinking-tester-contact-list.herokuapp.com/users/login,1065,0,804
1709276669463,257,POST Log Out,200,OK,Thread Group 1-88,text,true,,1308,329,3,3,https://thinking-tester-contact-list.herokuapp.com/users/logout,257,0,0
1709276668899,1039,POST Login,200,OK,Thread Group 1-89,text,true,,1312,283,3,3,https://thinking-tester-contact-list.herokuapp.com/users/login,1039,0,783
1709276669937,256,POST Log Out,200,OK,Thread Group 1-89,text,true,,1312,329,3,3,https://thinking-tester-contact-list.herokuapp.com/users/logout,256,0,0
1709276669398,1048,POST Login,200,OK,Thread Group 1-90,text,true,,1312,283,3,3,https://thinking-tester-contact-list.herokuapp.com/users/login,1048,0,774
1709276670446,258,POST Log Out,200,OK,Thread Group 1-90,text,true,,1312,329,3,3,https://thinking-tester-contact-list.herokuapp.com/users/logout,258,0,0
1709276669898,1067,POST Login,200,OK,Thread Group 1-91,text,true,,1304,283,3,3,https://thinking-tester-contact-list.herokuapp.com/users/login,1067,0,806
1709276670965,259,POST Log Out,200,OK,Thread Group 1-91,text,true,,1304,329,3,3,https://thinking-tester-contact-list.herokuapp.com/users/logout,259,0,0
1709276670398,1127,POST Login,200,OK,Thread Group 1-92,text,true,,1304,283,3,3,https://thinking-tester-contact-list.herokuapp.com/users/login,1127,0,856
1709276671526,279,POST Log Out,200,OK,Thread Group 1-92,text,true,,1304,329,3,3,https://thinking-tester-contact-list.herokuapp.com/users/logout,279,0,0
1709276670896,1052,POST Login,200,OK,Thread Group 1-93,text,true,,1308,283,3,3,https://thinking-tester-contact-list.herokuapp.com/users/login,1052,0,788
1709276671948,256,POST Log Out,200,OK,Thread Group 1-93,text,true,,1308,329,3,3,https://thinking-tester-contact-list.herokuapp.com/users/logout,256,0,0
1709276671396,1076,POST Login,200,OK,Thread Group 1-94,text,true,,1308,283,3,3,https://thinking-tester-contact-list.herokuapp.com/users/login,1076,0,813
1709276672473,257,POST Log Out,200,OK,Thread Group 1-94,text,true,,1308,329,3,3,https://thinking-tester-contact-list.herokuapp.com/users/logout,257,0,0
1709276671897,1077,POST Login,200,OK,Thread Group 1-95,text,true,,1304,283,3,3,https://thinking-tester-contact-list.herokuapp.com/users/login,1077,0,810
1709276672975,267,POST Log Out,200,OK,Thread Group 1-95,text,true,,1304,329,3,3,https://thinking-tester-contact-list.herokuapp.com/users/logout,267,0,0
1709276672397,1083,POST Login,200,OK,Thread Group 1-96,text,true,,1304,283,3,3,https://thinking-tester-contact-list.herokuapp.com/users/login,1082,0,812
1709276673480,259,POST Log Out,200,OK,Thread Group 1-96,text,true,,1304,329,3,3,https://thinking-tester-contact-list.herokuapp.com/users/logout,258,0,0
1709276672898,1062,POST Login,200,OK,Thread Group 1-97,text,true,,1316,283,3,3,https://thinking-tester-contact-list.herokuapp.com/users/login,1062,0,792
1709276673961,257,POST Log Out,200,OK,Thread Group 1-97,text,true,,1316,329,3,3,https://thinking-tester-contact-list.herokuapp.com/users/logout,257,0,0
1709276673396,1046,POST Login,200,OK,Thread Group 1-98,text,true,,1316,283,3,3,https://thinking-tester-contact-list.herokuapp.com/users/login,1046,0,787
1709276674442,265,POST Log Out,200,OK,Thread Group 1-98,text,true,,1316,329,3,3,https://thinking-tester-contact-list.herokuapp.com/users/logout,265,0,0
1709276673897,1033,POST Login,200,OK,Thread Group 1-99,text,true,,1312,283,3,3,https://thinking-tester-contact-list.herokuapp.com/users/login,1033,0,774
1709276674931,261,POST Log Out,200,OK,Thread Group 1-99,text,true,,1312,329,3,3,https://thinking-tester-contact-list.herokuapp.com/users/logout,261,0,0
1709276674396,1067,POST Login,200,OK,Thread Group 1-100,text,true,,1312,283,3,3,https://thinking-tester-contact-list.herokuapp.com/users/login,1067,0,802
1709276675464,269,POST Log Out,200,OK,Thread Group 1-100,text,true,,1312,329,3,3,https://thinking-tester-contact-list.herokuapp.com/users/logout,269,0,0
1709276674898,1067,POST Login,200,OK,Thread Group 1-101,text,true,,1312,283,3,3,https://thinking-tester-contact-list.herokuapp.com/users/login,1067,0,806
1709276675965,269,POST Log Out,200,OK,Thread Group 1-101,text,true,,1312,329,3,3,https://thinking-tester-contact-list.herokuapp.com/users/logout,269,0,0
1709276675398,1068,POST Login,200,OK,Thread Group 1-102,text,true,,1312,283,3,3,https://thinking-tester-contact-list.herokuapp.com/users/login,1068,0,803
1709276676466,262,POST Log Out,200,OK,Thread Group 1-102,text,true,,1312,329,3,3,https://thinking-tester-contact-list.herokuapp.com/users/logout,262,0,0
1709276675898,1048,POST Login,200,OK,Thread Group 1-103,text,true,,1304,283,3,3,https://thinking-tester-contact-list.herokuapp.com/users/login,1048,0,785
1709276676947,258,POST Log Out,200,OK,Thread Group 1-103,text,true,,1304,329,3,3,https://thinking-tester-contact-list.herokuapp.com/users/logout,258,0,0
1709276676396,1075,POST Login,200,OK,Thread Group 1-104,text,true,,1304,283,3,3,https://thinking-tester-contact-list.herokuapp.com/users/login,1075,0,805
1709276677471,261,POST Log Out,200,OK,Thread Group 1-104,text,true,,1304,329,3,3,https://thinking-tester-contact-list.herokuapp.com/users/logout,261,0,0
1709276676898,1067,POST Login,200,OK,Thread Group 1-105,text,true,,1304,283,3,3,https://thinking-tester-contact-list.herokuapp.com/users/login,1067,0,806
1709276677965,254,POST Log Out,200,OK,Thread Group 1-105,text,true,,1304,329,3,3,https://thinking-tester-contact-list.herokuapp.com/users/logout,254,0,0
1709276677398,1073,POST Login,200,OK,Thread Group 1-106,text,true,,1304,283,3,3,https://thinking-tester-contact-list.herokuapp.com/users/login,1073,0,806
1709276678472,259,POST Log Out,200,OK,Thread Group 1-106,text,true,,1304,329,3,3,https://thinking-tester-contact-list.herokuapp.com/users/logout,259,0,0
1709276677899,1037,POST Login,200,OK,Thread Group 1-107,text,true,,1308,283,3,3,https://thinking-tester-contact-list.herokuapp.com/users/login,1037,0,777
1709276678937,261,POST Log Out,200,OK,Thread Group 1-107,text,true,,1308,329,3,3,https://thinking-tester-contact-list.herokuapp.com/users/logout,261,0,0
1709276678400,1062,POST Login,200,OK,Thread Group 1-108,text,true,,1308,283,3,3,https://thinking-tester-contact-list.herokuapp.com/users/login,1062,0,798
1709276679463,267,POST Log Out,200,OK,Thread Group 1-108,text,true,,1308,329,3,3,https://thinking-tester-contact-list.herokuapp.com/users/logout,267,0,0
1709276678899,1063,POST Login,200,OK,Thread Group 1-109,text,true,,1304,283,3,3,https://thinking-tester-contact-list.herokuapp.com/users/login,1063,0,802
1709276679962,289,POST Log Out,200,OK,Thread Group 1-109,text,true,,1304,329,3,3,https://thinking-tester-contact-list.herokuapp.com/users/logout,289,0,0
1709276679398,1077,POST Login,200,OK,Thread Group 1-110,text,true,,1304,283,3,3,https://thinking-tester-contact-list.herokuapp.com/users/login,1077,0,806
1709276680475,262,POST Log Out,200,OK,Thread Group 1-110,text,true,,1304,329,3,3,https://thinking-tester-contact-list.herokuapp.com/users/logout,262,0,0
1709276679898,1072,POST Login,200,OK,Thread Group 1-111,text,true,,1308,283,3,3,https://thinking-tester-contact-list.herokuapp.com/users/login,1072,0,809
1709276680971,261,POST Log Out,200,OK,Thread Group 1-111,text,true,,1308,329,3,3,https://thinking-tester-contact-list.herokuapp.com/users/logout,261,0,0
1709276680901,1047,POST Login,200,OK,Thread Group 1-113,text,true,,1312,283,4,4,https://thinking-tester-contact-list.herokuapp.com/users/login,1047,0,789
1709276680398,1798,POST Login,200,OK,Thread Group 1-112,text,true,,1308,283,4,4,https://thinking-tester-contact-list.herokuapp.com/users/login,1798,0,804
1709276681949,261,POST Log Out,200,OK,Thread Group 1-113,text,true,,1312,329,4,4,https://thinking-tester-contact-list.herokuapp.com/users/logout,260,0,0
1709276682197,262,POST Log Out,200,OK,Thread Group 1-112,text,true,,1312,329,4,4,https://thinking-tester-contact-list.herokuapp.com/users/logout,262,0,0
1709276681400,1073,POST Login,200,OK,Thread Group 1-114,text,true,,1312,283,3,3,https://thinking-tester-contact-list.herokuapp.com/users/login,1073,0,810
1709276682486,263,POST Log Out,200,OK,Thread Group 1-114,text,true,,1312,329,3,3,https://thinking-tester-contact-list.herokuapp.com/users/logout,263,0,0
1709276681901,1075,POST Login,200,OK,Thread Group 1-115,text,true,,1312,283,3,3,https://thinking-tester-contact-list.herokuapp.com/users/login,1075,0,813
1709276682987,255,POST Log Out,200,OK,Thread Group 1-115,text,true,,1312,329,3,3,https://thinking-tester-contact-list.herokuapp.com/users/logout,255,0,0
1709276682400,1074,POST Login,200,OK,Thread Group 1-116,text,true,,1312,283,3,3,https://thinking-tester-contact-list.herokuapp.com/users/login,1074,0,805
1709276683474,262,POST Log Out,200,OK,Thread Group 1-116,text,true,,1312,329,3,3,https://thinking-tester-contact-list.herokuapp.com/users/logout,262,0,0
1709276682900,1070,POST Login,200,OK,Thread Group 1-117,text,true,,1308,283,3,3,https://thinking-tester-contact-list.herokuapp.com/users/login,1070,0,807
1709276683971,264,POST Log Out,200,OK,Thread Group 1-117,text,true,,1308,329,3,3,https://thinking-tester-contact-list.herokuapp.com/users/logout,264,0,0
1709276683397,1039,POST Login,200,OK,Thread Group 1-118,text,true,,1308,283,3,3,https://thinking-tester-contact-list.herokuapp.com/users/login,1039,0,782
1709276684436,261,POST Log Out,200,OK,Thread Group 1-118,text,true,,1308,329,3,3,https://thinking-tester-contact-list.herokuapp.com/users/logout,261,0,0
1709276683899,1072,POST Login,200,OK,Thread Group 1-119,text,true,,1312,283,2,2,https://thinking-tester-contact-list.herokuapp.com/users/login,1072,0,798
1709276684972,280,POST Log Out,200,OK,Thread Group 1-119,text,true,,1312,329,2,2,https://thinking-tester-contact-list.herokuapp.com/users/logout,280,0,0
1709276684397,1063,POST Login,200,OK,Thread Group 1-120,text,true,,1312,283,1,1,https://thinking-tester-contact-list.herokuapp.com/users/login,1063,0,804
1709276685461,259,POST Log Out,200,OK,Thread Group 1-120,text,true,,1312,329,1,1,https://thinking-tester-contact-list.herokuapp.com/users/logout,259,0,0
